programmeCode,programmeName,numberOfCourses
10061,P-61,45
10021,P-21,33
10001,P-01,32
10041,P-41,21
10042,P-42,20
10071,P-71,14
10032,P-32,14
10052,P-52,13
10033,P-33,12
10012,P-12,12
10054,P-54,11
10051,P-51,11
10072,P-72,10
10011,P-11,10
10074,P-74,9
10013,P-13,8
10014,P-14,8
10073,P-73,6
10034,P-34,6
10053,P-53,3
10031,P-31,2
